GROUP,PACKAGE,CLASS,INSTRUCTION_MISSED,INSTRUCTION_COVERED,BRANCH_MISSED,BRANCH_COVERED,LINE_MISSED,LINE_COVERED,COMPLEXITY_MISSED,COMPLEXITY_COVERED,METHOD_MISSED,METHOD_COVERED
,com.spiceflow.backend.inventory.transfer.workflow,WarehouseTransferStateMachine,6,54,0,0,1,10,1,2,1,2
,com.spiceflow.backend.dashboard.finance.service,FinanceDashboardService,74,4,10,0,15,1,6,1,1,1
,com.spiceflow.backend.sales.delivery.adapter,DeliveryPersistenceAdapter,3,545,3,19,0,150,3,11,0,3
,com.spiceflow.backend.sales.collection.workflow.command,ConfirmCashCollectionCommand,4,41,1,5,2,10,2,7,1,5
,com.spiceflow.backend.sales.collection.workflow.command,CancelCashCollectionCommand,12,20,1,1,4,6,2,5,1,5
,com.spiceflow.backend.sales.delivery.entity,DeliveryShopItemWorkflowEntity,6,103,0,0,2,30,2,21,2,21
,com.spiceflow.backend.sales.delivery.entity,DeliveryShopReturnWorkflowEntity,6,76,0,0,2,22,2,15,2,15
,com.spiceflow.backend.sales.delivery.entity,DeliveryShopWorkflowEntity,6,134,0,0,2,38,2,25,2,25
,com.spiceflow.backend.sales.delivery.entity,DeliveryWorkflowEntity,0,178,0,0,0,52,0,41,0,41
,com.spiceflow.backend.sales.delivery.entity,DeliveryPaymentWorkflowEntity,6,68,0,0,2,20,2,15,2,15
,com.spiceflow.backend.sales.collection.adapter,CashCollectionPersistenceAdapter,0,145,0,0,0,48,0,3,0,3
,com.spiceflow.backend.common.cache,TenantAwareKeyGenerator,1,17,1,1,0,4,1,2,0,2
,com.spiceflow.backend.sales.loading.domain,LoadingSheetItem,10,29,3,3,0,6,3,2,0,2
,com.spiceflow.backend.sales.loading.domain,LoadingSheetState,0,21,0,0,0,4,0,1,0,1
,com.spiceflow.backend.sales.loading.domain,LoadingSheet,20,424,7,12,3,111,9,28,2,25
,com.spiceflow.backend.sales.loading.domain,LoadingSheetReturnItem,23,30,5,5,2,5,6,1,1,1
,com.spiceflow.backend.sales.loading.domain,LoadingSheetEvent,15,38,0,0,5,7,5,1,5,1
,com.spiceflow.backend.sales.collection.entity,CashCollectionWorkflowEntity,0,193,0,0,0,60,0,45,0,45
,com.spiceflow.backend.sales.delivery.service,DeliveryWorkflowService,104,368,12,22,16,85,18,18,9,10
,com.spiceflow.backend.inventory.service,SupplierService,84,193,1,3,16,42,2,9,1,8
,com.spiceflow.backend.inventory.service,WarehouseService,92,206,4,8,18,43,7,8,3,6
,com.spiceflow.backend.inventory.service,ProductService,94,362,6,8,14,77,7,12,1,11
,com.spiceflow.backend.inventory.service,InventoryTransactionService,159,246,12,18,27,51,13,15,5,4
,com.spiceflow.backend.inventory.service,InventoryItemService,209,650,22,26,31,149,29,11,7,9
,com.spiceflow.backend.inventory.service,ProductCategoryService,91,204,2,8,17,46,3,11,1,8
,com.spiceflow.backend.common.enums,DriverStatus,0,27,0,0,0,5,0,1,0,1
,com.spiceflow.backend.common.enums,LicenseClass,0,21,0,0,0,4,0,1,0,1
,com.spiceflow.backend.receiving.workflow,GoodsReceiptStateMachine,6,48,0,0,1,9,1,2,1,2
,com.spiceflow.backend.sales.collection.workflow,CashCollectionStateMachine,9,35,0,0,2,7,2,2,2,2
,com.spiceflow.backend.common.aspect,TenantFilterAspect,0,24,0,2,0,8,0,3,0,2
,com.spiceflow.backend.sales.loading.workflow,LoadingSheetStateMachine,6,34,0,0,1,7,1,2,1,2
,com.spiceflow.backend.inventory.transfer.adapter,WarehouseTransferPersistenceAdapter,0,225,0,4,0,68,0,5,0,3
,com.spiceflow.backend.dashboard.inventory.repository,InventoryDashboardRepository.SummaryMetrics,0,15,0,0,0,1,0,1,0,1
,com.spiceflow.backend.dashboard.inventory.repository,InventoryDashboardRepository,286,4,38,0,45,1,27,1,8,1
,com.spiceflow.backend.sales.order.workflow.command,CancelRepOrderCommand,0,35,0,2,0,10,0,7,0,6
,com.spiceflow.backend.sales.order.workflow.command,LoadRepOrderCommand,16,28,2,2,3,9,2,6,0,6
,com.spiceflow.backend.sales.order.workflow.command,ApproveRepOrderCommand,16,28,2,2,3,9,2,6,0,6
,com.spiceflow.backend.sales.order.workflow.command,DeliverRepOrderCommand,11,24,1,1,2,8,1,6,0,6
,com.spiceflow.backend.sales.order.workflow.command,SubmitRepOrderCommand,25,77,3,11,4,18,3,10,0,6
,com.spiceflow.backend.sales.entity,Shop,8,0,2,0,3,0,2,0,1,0
,com.spiceflow.backend.purchasing.domain,PurchaseOrderLine,23,38,0,0,8,12,2,6,2,6
,com.spiceflow.backend.purchasing.domain,PurchaseOrderState,0,51,0,0,0,9,0,1,0,1
,com.spiceflow.backend.purchasing.domain,PurchaseOrder,26,348,5,15,3,102,6,31,1,23
,com.spiceflow.backend.purchasing.domain,PurchaseOrderEvent,15,18,0,0,5,1,5,1,5,1
,com.spiceflow.backend.inventory.transfer.entity,WarehouseTransferEntity,0,199,1,3,0,59,1,41,0,40
,com.spiceflow.backend.inventory.transfer.entity,WarehouseTransferLineEntity,6,92,0,0,2,28,2,19,2,19
,com.spiceflow.backend.receiving.adapter,GoodsReceiptPersistenceAdapter,0,237,0,4,0,72,0,5,0,3
,com.spiceflow.backend.inventory.transfer.workflow.command,RequestTransferCommand,18,50,2,6,3,13,2,8,0,6
,com.spiceflow.backend.inventory.transfer.workflow.command,ShipTransferCommand,18,41,2,4,3,11,2,7,0,6
,com.spiceflow.backend.inventory.transfer.workflow.command,ReceiveTransferCommand,11,63,1,5,2,15,1,8,0,6
,com.spiceflow.backend.inventory.transfer.workflow.command,CancelTransferCommand,0,35,0,2,0,10,0,7,0,6
,com.spiceflow.backend.inventory.transfer.workflow.command,ApproveTransferCommand,11,24,1,1,2,8,1,6,0,6
,com.spiceflow.backend.sales.delivery.domain,Delivery,21,413,5,15,6,117,10,33,5,27
,com.spiceflow.backend.sales.delivery.domain,DeliveryEvent,15,38,0,0,5,7,5,1,5,1
,com.spiceflow.backend.sales.delivery.domain,DeliveryShopItemRecord,42,45,7,7,2,8,8,1,1,1
,com.spiceflow.backend.sales.delivery.domain,DeliveryPaymentRecord,19,32,4,4,2,4,5,1,1,1
,com.spiceflow.backend.sales.delivery.domain,DeliveryReturnItemRecord,29,35,6,6,2,6,7,1,1,1
,com.spiceflow.backend.sales.delivery.domain,DeliveryShopRecord,38,82,10,10,0,14,10,2,0,2
,com.spiceflow.backend.sales.delivery.domain,DeliveryState,0,27,0,0,0,5,0,1,0,1
,com.spiceflow.backend.sales.collection.domain,CashCollectionEvent,15,38,0,0,5,7,5,1,5,1
,com.spiceflow.backend.sales.collection.domain,CashCollection,2,388,3,8,1,118,3,32,0,29
,com.spiceflow.backend.sales.collection.domain,CashCollectionState,0,21,0,0,0,4,0,1,0,1
,com.spiceflow.backend.sales.order.domain,RepOrder,11,454,6,16,2,128,7,35,1,28
,com.spiceflow.backend.sales.order.domain,RepOrderShop,3,95,3,9,0,16,3,6,0,3
,com.spiceflow.backend.sales.order.domain,RepOrderState,0,39,0,0,0,7,0,1,0,1
,com.spiceflow.backend.sales.order.domain,ShopReturnItem,11,62,3,3,2,11,3,2,0,2
,com.spiceflow.backend.sales.order.domain,RepOrderItem,23,84,12,12,0,11,12,2,0,2
,com.spiceflow.backend.sales.order.domain,RepOrderEvent,15,38,0,0,5,7,5,1,5,1
,com.spiceflow.backend.sales.order.service,RepOrderWorkflowService,56,240,13,15,5,55,13,10,4,5
,com.spiceflow.backend.sales.loading.service,LoadingSheetWorkflowService,97,295,16,16,15,63,18,10,6,6
,com.spiceflow.backend.purchasing.workflow.command,ApprovePurchaseOrderCommand,0,35,0,2,0,10,0,7,0,6
,com.spiceflow.backend.purchasing.workflow.command,SubmitPurchaseOrderCommand,0,35,0,2,0,10,0,7,0,6
,com.spiceflow.backend.purchasing.workflow.command,ClosePurchaseOrderCommand,6,29,1,1,3,7,3,4,2,4
,com.spiceflow.backend.admin.service,AdminService,597,448,40,6,103,114,49,13,27,12
,com.spiceflow.backend.admin.service,BusinessTypeService,0,162,1,7,0,38,1,12,0,9
,com.spiceflow.backend.receiving.workflow.command,PostReceiptCommand,4,31,0,2,2,8,1,6,1,5
,com.spiceflow.backend.receiving.workflow.command,SubmitInspectionCommand,0,35,0,2,0,10,0,7,0,6
,com.spiceflow.backend.receiving.workflow.command,VerifyReceiptCommand,11,61,1,5,2,15,1,8,0,6
,com.spiceflow.backend.receiving.workflow.command,CancelReceiptCommand,11,24,1,1,2,8,1,6,0,6
,com.spiceflow.backend.dashboard.logistics.service,LogisticsDashboardService,37,4,0,0,9,1,1,1,1,1
,com.spiceflow.backend.sales.loading.entity,LoadingSheetItemWorkflowEntity,6,51,0,0,2,15,2,11,2,11
,com.spiceflow.backend.sales.loading.entity,LoadingSheetWorkflowEntity,0,157,0,0,0,45,0,35,0,35
,com.spiceflow.backend.sales.loading.entity,LoadingSheetReturnWorkflowEntity,6,61,0,0,2,18,2,13,2,13
,com.spiceflow.backend.sales.delivery.workflow.command,CancelDeliveryCommand,0,32,0,2,0,10,0,7,0,6
,com.spiceflow.backend.sales.delivery.workflow.command,DispatchDeliveryCommand,8,24,1,1,2,8,1,6,0,6
,com.spiceflow.backend.sales.delivery.workflow.command,CompleteDeliveryCommand,8,33,1,3,2,10,1,7,0,6
,com.spiceflow.backend.auth.service,TenantUserService,64,0,6,0,15,0,6,0,3,0
,com.spiceflow.backend.auth.service,CaffeineTokenBlacklistService.new Expiry() {...},2,10,0,0,1,3,1,3,1,3
,com.spiceflow.backend.auth.service,AuthService,104,469,10,20,13,117,15,18,5,13
,com.spiceflow.backend.auth.service,CaffeineTokenBlacklistService,0,32,0,4,0,9,0,5,0,3
,com.spiceflow.backend.auth.service,RoleService,16,306,2,12,2,63,4,14,2,9
,com.spiceflow.backend.sales.delivery.workflow,DeliveryStateMachine,6,42,0,0,1,8,1,2,1,2
,com.spiceflow.backend.sales.loading.workflow.command,CancelLoadingSheetCommand,0,35,0,2,0,10,0,7,0,6
,com.spiceflow.backend.sales.loading.workflow.command,ConfirmLoadingSheetCommand,11,33,1,3,2,10,1,7,0,6
,com.spiceflow.backend.events,SpringDomainEventPublisher,5,6,0,0,2,3,1,1,1,1
,com.spiceflow.backend.events,DomainEventType,0,201,0,0,0,34,0,1,0,1
,com.spiceflow.backend.inventory.ledger,InventoryMovementType,0,51,0,0,0,9,0,1,0,1
,com.spiceflow.backend.inventory.ledger,InventoryLedgerEntry,25,42,2,0,3,1,2,1,1,1
,com.spiceflow.backend.sales.loading.adapter,LoadingSheetPersistenceAdapter,3,287,3,11,0,77,3,7,0,3
,com.spiceflow.backend.sales.order.workflow,RepOrderStateMachine,6,54,0,0,1,10,1,2,1,2
,com.spiceflow.backend.inventory.ledger.service,InventoryLedgerService,24,132,2,6,5,39,4,7,2,5
,com.spiceflow.backend.purchase.service,PurchaseService,368,608,40,32,73,146,38,14,8,8
,com.spiceflow.backend.common.context,TenantContext,3,16,0,0,1,6,1,4,1,4
,com.spiceflow.backend.dashboard.purchasing.service,PurchasingDashboardService,62,4,4,0,15,1,3,1,1,1
,com.spiceflow.backend.sales.order.adapter,RepOrderPersistenceAdapter,10,480,10,22,0,124,10,9,0,3
,com.spiceflow.backend.dashboard.inventory.service,InventoryDashboardService,48,4,2,0,10,1,2,1,1,1
,com.spiceflow.backend.sales.service,DeliveryService,319,626,35,25,56,153,36,13,13,6
,com.spiceflow.backend.sales.service,QrVerificationService,98,330,13,9,19,91,15,13,5,12
,com.spiceflow.backend.sales.service,SalesMasterDataService,189,502,20,20,30,115,31,21,14,18
,com.spiceflow.backend.sales.service,LoadingSheetService,270,476,32,22,45,104,31,19,12,11
,com.spiceflow.backend.sales.service,RepOrderService,88,323,11,19,19,80,12,9,1,5
,com.spiceflow.backend.sales.service,ReportService,444,358,39,9,111,80,30,20,9,17
,com.spiceflow.backend.purchasing.workflow,PurchaseOrderStateMachine,6,65,0,0,1,12,1,2,1,2
,com.spiceflow.backend.dashboard.sales.service,SalesDashboardService,67,4,8,0,14,1,5,1,1,1
,com.spiceflow.backend.auth.entity,User,7,66,2,8,2,11,4,8,2,5
,com.spiceflow.backend.auth.entity,Tenant,5,0,0,0,1,0,1,0,1,0
,com.spiceflow.backend.auth.entity,RefreshToken,1,12,2,2,0,2,2,1,0,1
,com.spiceflow.backend.admin.entity,PlatformAdmin,1,18,1,1,0,4,1,4,0,4
,com.spiceflow.backend.receiving.entity,GoodsReceiptLineEntity,6,99,0,0,2,30,2,21,2,21
,com.spiceflow.backend.receiving.entity,GoodsReceiptEntity,0,215,1,3,0,64,1,43,0,42
,com.spiceflow.backend.finance.service,ExpenseService,90,0,2,0,27,0,6,0,5,0
,com.spiceflow.backend.receiving.domain,GoodsReceiptLine,32,83,1,1,11,24,2,12,1,12
,com.spiceflow.backend.receiving.domain,GoodsReceiptEvent,15,18,0,0,5,1,5,1,5,1
,com.spiceflow.backend.receiving.domain,GoodsReceiptState,0,33,0,0,0,6,0,1,0,1
,com.spiceflow.backend.receiving.domain,GoodsReceipt,25,441,9,9,4,126,9,31,1,29
,com.spiceflow.backend.purchasing.adapter,PurchaseOrderPersistenceAdapter,0,171,0,4,0,50,0,5,0,3
,com.spiceflow.backend.inventory.transfer.service,WarehouseTransferService,39,226,7,13,4,58,9,8,3,4
,com.spiceflow.backend.purchasing.entity,PurchaseOrderEntity,0,160,1,3,0,48,1,31,0,30
,com.spiceflow.backend.purchasing.entity,PurchaseOrderLineEntity,6,52,0,0,2,16,2,11,2,11
,com.spiceflow.backend.auth.filter,JwtAuthenticationFilter,4,376,14,44,2,96,14,22,0,7
,com.spiceflow.backend.dashboard.purchasing.repository,PurchasingDashboardRepository,337,4,34,0,47,1,25,1,8,1
,com.spiceflow.backend.dashboard.purchasing.repository,PurchasingDashboardRepository.SummaryMetrics,0,15,0,0,0,1,0,1,0,1
,com.spiceflow.backend.dashboard.sales.repository,SalesDashboardRepository,238,4,34,0,36,1,23,1,6,1
,com.spiceflow.backend.dashboard.sales.repository,SalesDashboardRepository.SummaryMetrics,0,15,0,0,0,1,0,1,0,1
,com.spiceflow.backend.common.util,GeoUtils,52,0,0,0,7,0,1,0,1,0
,com.spiceflow.backend.common.util,UnitConversionUtil,11,12,3,2,2,2,3,1,0,1
,com.spiceflow.backend.workflow,WorkflowResult,0,27,0,0,0,6,0,1,0,1
,com.spiceflow.backend.workflow,WorkflowContext,0,39,0,0,0,7,0,2,0,2
,com.spiceflow.backend.workflow,WorkflowValidator,0,36,0,2,0,7,0,2,0,1
,com.spiceflow.backend.workflow,WorkflowCommand,9,0,0,0,4,0,1,0,1,0
,com.spiceflow.backend.workflow,WorkflowTransition,0,23,0,0,0,5,0,2,0,2
,com.spiceflow.backend.workflow,WorkflowEngine,0,62,0,0,0,19,0,2,0,2
,com.spiceflow.backend.workflow,WorkflowTransitionOutput,0,12,0,0,0,3,0,1,0,1
,com.spiceflow.backend.common.entity,BaseEntity,0,3,0,0,0,1,0,1,0,1
,com.spiceflow.backend.sales.collection.service,CashCollectionWorkflowService,207,233,10,10,39,48,19,11,13,7
,com.spiceflow.backend.audit,AuditService,12,6,0,0,2,3,2,1,2,1
,com.spiceflow.backend.audit,AuditEntry.Builder,0,53,0,0,0,11,0,11,0,11
,com.spiceflow.backend.audit,AuditEntry,6,114,0,0,2,29,2,11,2,11
,com.spiceflow.backend.common.filter,CorrelationIdFilter,24,3,2,0,8,1,2,1,1,1
,com.spiceflow.backend.inventory.transfer.domain,WarehouseTransfer,8,425,4,17,1,120,5,35,1,27
,com.spiceflow.backend.inventory.transfer.domain,WarehouseTransferEvent,15,18,0,0,5,1,5,1,5,1
,com.spiceflow.backend.inventory.transfer.domain,WarehouseTransferState,0,39,0,0,0,7,0,1,0,1
,com.spiceflow.backend.inventory.transfer.domain,WarehouseTransferLine,29,76,1,1,10,22,2,11,1,11
,com.spiceflow.backend.auth.util,JwtUtil,96,184,8,8,27,47,9,12,2,11
,com.spiceflow.backend.sales.order.entity,ShopReturnWorkflowEntity,9,88,0,0,3,26,3,18,3,18
,com.spiceflow.backend.sales.order.entity,RepOrderItemWorkflowEntity,9,110,0,0,3,32,3,22,3,22
,com.spiceflow.backend.sales.order.entity,RepOrderShopWorkflowEntity,9,144,2,6,3,43,5,22,3,20
,com.spiceflow.backend.sales.order.entity,RepOrderWorkflowEntity,3,217,1,3,1,64,2,46,1,45
,com.spiceflow.backend.dashboard.logistics.repository,LogisticsDashboardRepository.SummaryMetrics,0,15,0,0,0,1,0,1,0,1
,com.spiceflow.backend.dashboard.logistics.repository,LogisticsDashboardRepository,203,4,24,0,34,1,18,1,6,1
,com.spiceflow.backend.dashboard.finance.repository,FinanceDashboardRepository,280,4,38,0,36,1,25,1,6,1
,com.spiceflow.backend.dashboard.finance.repository,FinanceDashboardRepository.SummaryMetrics,0,15,0,0,0,1,0,1,0,1
,com.spiceflow.backend.inventory.ledger.entity,InventoryLedgerEntryEntity,1,140,1,1,0,40,1,15,0,15
,com.spiceflow.backend.security.service,LoginAttemptService,0,81,2,6,0,20,2,9,0,7
,com.spiceflow.backend,SpiceflowBackendApplication,5,3,0,0,2,1,1,1,1,1
